name,ric,currency,org_permid,isin
MALAYAN BANKING,MBBM.KL,M$,4295884238.0,MYL1155OO000
PUBLIC BANK,PUBM.KL,M$,4295884204.0,MYL1295OO004
CIMB GROUP HOLDINGS,CIMB.KL,M$,4295883663.0,MYL1023OO000
TENAGA NASIONAL,TENA.KL,M$,4295883130.0,MYL5347OO009
IHH HEALTHCARE,IHHH.KL,M$,5000835890.0,MYL5225OO007
HONG LEONG BANK,HLBB.KL,M$,4295883279.0,MYL5819OO007
PRESS METAL ALUMINIUM HOLDINGS,PMET.KL,M$,5056434400.0,MYL8869OO009
99 SPEED MART RETAIL HOLDINGS,SPEE.KL,M$,5062359246.0,MYL5326OO003
MISC BHD.,MISC.KL,M$,4295883593.0,MYL3816OO005
RHB BANK BHD,RHBC.KL,M$,4298219772.0,MYL1066OO009
SD GUTHRIE,SDGU.KL,M$,4298041637.0,MYL5285OO001
SUNWAY,SWAY.KL,M$,5001219135.0,MYL5211OO007
CELCOMDIGI,CELC.KL,M$,4295883746.0,MYL6947OO005
PETRONAS GAS,PGAS.KL,M$,4295883340.0,MYL6033OO004
AXIATA GROUP,AXIA.KL,M$,4295884190.0,MYL6888OO001
GAMUDA,GAMU.KL,M$,4295883291.0,MYL5398OO002
HONG LEONG FINL.GP.,HLCB.KL,M$,4295883475.0,MYL1082OO006
IOI PROPERTIES GROUP,IOIP.KL,M$,5038901661.0,MYL5249OO007
KUALA LUMPUR KEPONG,KLKK.KL,M$,4295883331.0,MYL2445OO004
MAXIS,MXSC.KL,M$,5000471355.0,MYL6012OO008
NESTLE (MALAYSIA),NESM.KL,M$,4295883085.0,MYL4707OO005
PETRONAS CHEMICALS GP.,PCGB.KL,M$,5001150689.0,MYL5183OO008
PETRONAS DAGANGAN,PETR.KL,M$,4295883315.0,MYL5681OO001
TELEKOM MALAYSIA,TLMM.KL,M$,4295883091.0,MYL4863OO006
UNITED PLANTATIONS,UTPS.KL,M$,4295883316.0,MYL2089OO000
YTL CORPORATION,YTLS.KL,M$,4295883217.0,MYL4677OO000
YTL POWER INTERNATIONAL,YTLP.KL,M$,4295883412.0,MYL6742OO000
AMMB HOLDINGS,AMMB.KL,M$,4295883135.0,MYL1015OO006
IOI CORPORATION,IOIB.KL,M$,4295883100.0,MYL1961OO001
WESTPORTS HOLDINGS,WPHB.KL,M$,5036766908.0,MYL5246OO003
FRASER & NEAVE HOLDINGS,FRAS.KL,M$,4295883142.0,MYL3689OO006
GENTING,GENT.KL,M$,4295883159.0,MYL3182OO002
GENTING MALAYSIA,GENM.KL,M$,4295883150.0,MYL4715OO008
KLCC PROPERTY HOLDINGS STAPLED UNITS,KLCC.KL,M$,4295884064.0,MYL5235SS008
KPJ HEALTHCARE,KPJH.KL,M$,4295883354.0,MYL5878OO003
MALAYAN CEMENT,MALY.KL,M$,4295883139.0,MYL3794OO004
MR DIY GROUP M BHD,MRDI.KL,M$,5068473158.0,MYL5296OO008
QL RESOURCES,QRES.KL,M$,4295883487.0,MYL7084OO006
SIME DARBY,SIME.KL,M$,5000046644.0,MYL4197OO009
TIME DOTCOM,TCOM.KL,M$,4295883449.0,MYL5031OO009
IGB REITS UNITS,IGRE.KL,M$,5037818669.0,MYL5227TO002
PPB GROUP,PEPT.KL,M$,4295883543.0,MYL4065OO008
ECO SHOP MARKETING,ECOO.KL,M$,5076915892.0,MYL5337OO000
AFFIN BANK,AFIN.KL,M$,4296717702.0,MYL5185OO003
AIRASIA X,AIRX.KL,M$,4297598428.0,MYL5238OO000
ALLIANCE BANK MALAYSIA,ALLI.KL,M$,4296421898.0,MYL2488OO004
ALLIANZ MALAYSIA,AINM.KL,M$,4295883136.0,MYL1163OO004
AXIS REITS UNITS,AXSR.KL,M$,4295883388.0,MYL5106TO008
BATU KAWAN,BTKW.KL,M$,4295883312.0,MYL1899OO003
BURSA MALAYSIA,BMYS.KL,M$,4298007917.0,MYL1818OO003
CARLSBERG BREWERY MAL.,CBMS.KL,M$,4295883576.0,MYL2836OO004
CHIN HIN GROUP,CHIU.KL,M$,5045946232.0,MYL5273OO007
DIALOG GROUP,DIAL.KL,M$,4295883764.0,MYL7277OO006
FARM FRESH,FARM.KL,M$,5065369230.0,MYL5306OO005
FRONTKEN CORPORATION,FRKN.KL,M$,4295884152.0,MYQ0128OO007
GAS MALAYSIA,GASM.KL,M$,5000041331.0,MYL5209OO001
GENTING PLANTATIONS,GENP.KL,M$,4295884234.0,MYL2291OO002
GREATECH TECHNOLOGY,GREA.KL,M$,5066615539.0,MYQ0208OO007
HAP SENG CONSOLIDATED,HAPS.KL,M$,4295883546.0,MYL3034OO005
HARTALEGA HOLDINGS,HTHB.KL,M$,4295884114.0,MYL5168OO009
HEINEKEN MALAYSIA,HEIN.KL,M$,4295883169.0,MYL3255OO006
HEXTAR GLOBAL,HEXT.KL,M$,5000094146.0,MYL5151OO005
HONG LEONG INDUSTRIES,HLIB.KL,M$,4295883454.0,MYL3301OO008
IGB,IGBB.KL,M$,4295883930.0,MYL5606OO008
IJM CORPORATION,IJMS.KL,M$,4295884042.0,MYL3336OO004
INARI AMERTRON,INAR.KL,M$,5035307122.0,MYQ0166OO007
JOHOR PLANTATIONS GROUP,JOHO.KL,M$,5035579370.0,MYL5323OO000
KELINGTON GROUP,KELG.KL,M$,5000467391.0,MYQ0151OO009
KERJAYA PROSPEK GROUP,KREJ.KL,M$,4295883928.0,MYL7161OO002
KSL HOLDINGS,KSLH.KL,M$,4295883586.0,MYL5038OO004
LPI CAPITAL,LOND.KL,M$,4295883365.0,MYL8621OO004
MALAYSIAN PACIFIC INDS.,MPIM.KL,M$,4295883111.0,MYL3867OO008
MBSB,MBSB.KL,M$,4295884130.0,MYL1171OO007
MEGA FIRST CORPORATION,MEGA.KL,M$,4295883223.0,MYL3069OO001
ORIENTAL HOLDINGS,OTLS.KL,M$,4295883455.0,MYL4006OO002
OSK HOLDINGS,OSKH.KL,M$,4295883165.0,MYL5053OO003
SIME DARBY PROPERTY,SIPR.KL,M$,5000057220.0,MYL5288OO005
SP SETIA,SETI.KL,M$,4295883418.0,MYL8664OO004
SUNWAY CONSTRUCTION GP.,SCOG.KL,M$,5043466047.0,MYL5263OO008
SUNWAY REITS UNITS,SUNW.KL,M$,5000787759.0,MYL5176TO001
TANCO HOLDINGS,TANC.KL,M$,4295883409.0,MYL2429OO008
TOP GLOVE CORPORATION,TPGC.KL,M$,4295883555.0,MYL7113OO003
TROPICANA,TROP.KL,M$,4295884062.0,MYL5401OO004
UEM SUNRISE,UMSB.KL,M$,4298093981.0,MYL5148OO001
UNISEM (M),UNSM.KL,M$,4295883629.0,MYL5005OO003
UOA DEVELOPMENT,UOAD.KL,M$,5015232905.0,MYL5200OO000
UWC,UWCB.KL,M$,5067510651.0,MYL5292OO007
VITROX CORPORATION,VTRX.KL,M$,4295884102.0,MYQ0097OO004
YINSON HOLDINGS,YINS.KL,M$,4295883969.0,MYL7293OO003
ZETRIX AI,ZETR.KL,M$,4295883268.0,MYQ0138OO006
BANK ISLAM MALAYSIA,BIMB.KL,M$,5000038299.0,MYL5258OO008
ECO WORLD DEV.GROUP,ECOW.KL,M$,4295883191.0,MYL8206OO004
ITMAX SYSTEM,ITMA.KL,M$,5076912813.0,MYL5309OO009
MALAKOFF,MALA.KL,M$,4295883143.0,MYL5264OO006
PAVILION REIT.TST. UTS.,PREI.KL,M$,5036394632.0,MYL5212TO004
SARAWAK OIL PALMS,SOPS.KL,M$,4295883189.0,MYL5126OO007
SCIENTEX,STIK.KL,M$,4295883190.0,MYL4731OO005
AIRASIA X WARRANTS DUMMY,,M$,,No universe defined.
BERJAYA CORP - WARRANTS DUMMY,,M$,,No universe defined.
BERJAYA FOOD WARRANTS DUMMY,,M$,,No universe defined.
CROESUS IT HOLDINGS,CROE.KL,M$,5081826851.0,MYL03066O007
DS SIGMA HOLDING,DSSI.KL,M$,5083551199.0,MYQ0269OO009
FARMIERA DUMMY,,M$,,No universe defined.
LAC MED,LACM.KL,M$,5095542362.0,MYL5341OO002
MMM GROUP SUSP - SUSP.05/09/25,MMMG.KL,M$,5001232829.0,MYQ0159OO002
ORKIM,ORKI.KL,M$,5000046660.0,MYL5348OO007
RADIUM DEVELOPMENT,RADU.KL,M$,5073156870.0,MYL5313OO001
REDTONE DIGITAL DUMMY,,M$,,No universe defined.
REDTONEADIGITAL WARRANTS DUMMY,,M$,,No universe defined.
SEG INTL. WARRANTS DUMMY,,M$,,No universe defined.
GEOHAN,GEOH.KL,M$,5082016327.0,MYL5345OO003
WASCO GREENERGY,WASO.KL,M$,5095914516.0,MYL5343OO008
7 ELEVEN MALAYSIA HDG.,SEVE.KL,M$,5040255598.0,MYL5250OO005
A-RANK,ARNK.KL,M$,4295883453.0,MYL7214OO009
ABLE GLOBAL,ABLE.KL,M$,4295884143.0,MYL7167OO009
ADVANCE SYNERGY,ADVA.KL,M$,4295883230.0,MYL1481OO000
ADVANCECON HOLDINGS,ADVN.KL,M$,5055465240.0,MYL5281OO000
ADVENTA,ADVE.KL,M$,4295883311.0,MYL7191OO009
AE MULTI HOLDINGS,AEMU.KL,M$,4295883602.0,MYL7146OO003
AEON CO.(M),AEOM.KL,M$,4295883377.0,MYL6599OO004
AEON CREDIT SERVICE,ANCR.KL,M$,4295884169.0,MYL5139OO000
AHB HOLDINGS,ARTW.KL,M$,4295883689.0,MYL7315OO004
AHMAD ZAKI RESOURCES,AZRB.KL,M$,4295883665.0,MYL7078OO008
AJIYA,AJIY.KL,M$,4295883674.0,MYL7609OO000
AL SALAM REITS UNITS,ALSA.KL,M$,5045881237.0,MYL5269TO004
AL-AKQAR HEALTHCARE REIT,ALQA.KL,M$,4295883047.0,MYL5116TO007
ALAM MARITIM RES.BHD.,ALMT.KL,M$,4295883110.0,MYL5115OO000
ALCOM GROUP,ALCO.KL,M$,5064665443.0,MYL2674OO009
ALPHA OCEAN RESOURCES,ALPH.KL,M$,5074843352.0,MYL03051O009
AME ELITE CONSORTIUM,AMEE.KL,M$,5067840927.0,MYL5293OO005
AME REIT.TST. (REITS) UTS.,AMER.KL,M$,5083389240.0,MYL5307TO002
AMFIRST REIT.TST.,AMFL.KL,M$,4295884011.0,MYL5120TO009
AMLEX HOLDINGS,AMLE.KL,M$,5065361691.0,MYL03011O003
AMTEL HOLDINGS,AMTH.KL,M$,4295883671.0,MYL7031OO007
AMWAY (MAL.) HDG.,AMWA.KL,M$,4295883359.0,MYL6351OO000
ANALABS RESOURCES,ANRE.KL,M$,4295883536.0,MYL7083OO008
APB RESOURCES,APBS.KL,M$,4295884036.0,MYL5568OO000
APEX EQUITY HDG.,APES.KL,M$,4295883419.0,MYL5088OO009
APM AUTOMOTIVE HDG.,APMA.KL,M$,4295883685.0,MYL5015OO002
APOLLO FOOD HOLDINGS,AFHB.KL,M$,4295883692.0,MYL6432OO008
ARK RESOURCES HOLDINGS,ARKS.KL,M$,5064669846.0,MYL7007OO007
ARKA,ARKA.KL,M$,4295883940.0,MYL7218OO000
ASIA BRANDS,ASIA.KL,M$,4295883773.0,MYL7722OO001
ASIA FILE CORPORATION,AFCB.KL,M$,4295883691.0,MYL7129OO009
ASIAN PAC HOLDINGS,APHB.KL,M$,4295883261.0,MYL4057OO005
ASSOCIATED AIR-PAK INDUSTRIES,ASSC.KL,M$,5062372294.0,MYL03067O005
ASTEEL GROUP,ASTE.KL,M$,4295883968.0,MYL7020OO000
ASTINO,ATNO.KL,M$,4295883625.0,MYL7162OO000
ASTRAL ASIA,AASB.KL,M$,4295883700.0,MYL7054OO009
ASTRAMINA GROUP,ASTA.KL,M$,5071556314.0,MYL03032O009
ATLAN HOLDINGS,ATLA.KL,M$,4295883697.0,MYL7048OO001
ATRIUM REIT.TRUST,ATRL.KL,M$,4295883538.0,MYL5130TO008
AURELIUS TECHNOLOGIES,AURE.KL,M$,5081155633.0,MYL5302OO004
AURO HOLDINGS,AURH.KL,M$,4295883494.0,MYL5025OO001
AURORA ITALIA INTERNATIONAL,AURO.KL,M$,5073624342.0,MYL03037O008
AUTORIS GROUP HOLDINGS,AUTR.KL,M$,5090623957.0,MYL03059O002
AVALAND,AVAL.KL,M$,5001175450.0,MYL5182OO000
AVILLION,AVIL.KL,M$,4295883642.0,MYL8885OO005
AWANBIRU TECHNOLOGY,AWAN.KL,M$,5035172436.0,MYL5204OO002
AXTERIA GROUP,AXTE.KL,M$,4295883550.0,MYL7120OO008
AYER HOLDINGS,AYER.KL,M$,4295883431.0,MYL2305OO000
AYS VENTURES,AYSV.KL,M$,5037281399.0,MYL5021OO000
AZAM JAYA,AZAM.KL,M$,5089000134.0,MYL5329OO007
BABA ECO GROUP,BABA.KL,M$,5066588447.0,MYL03012O001
BEDI,BEDI.KL,M$,5056601975.0,MYL6378OO003
BENALEC HOLDINGS,BENL.KL,M$,5001229102.0,MYL5190OO003
BENTLEY MUSIC GROUP,BENT.KL,M$,6000024726.0,MYL03068O003
BERJAYA ASSETS,BERJ.KL,M$,4295883767.0,MYL3239OO000
BERJAYA CORPORATION,BGRO.KL,M$,5000002422.0,MYL3395OO000
BERJAYA FOOD,BJFO.KL,M$,5001438222.0,MYL5196OO000
BERJAYA LAND,BLAD.KL,M$,4295883229.0,MYL4219OO001
BERMAZ AUTO,BERA.KL,M$,5035439811.0,MYL5248OO009
BERTAM ALLIANCE,BERM.KL,M$,4295883927.0,MYL9814OO004
BESHOM HOLDINGS,BESH.KL,M$,5081490925.0,MYL7668OO006
BIG INDUSTRIES,BIGI.KL,M$,4295883702.0,MYL7005OO001
BINA PURI HOLDINGS,BPUR.KL,M$,4295883705.0,MYL5932OO008
BINTULU PORT HOLDINGS,BPOT.KL,M$,4295883547.0,MYL5032OO007
BLD PLANTATION,BLDN.KL,M$,4295883265.0,MYL5069OO009
BM GREENTECH,BMGR.KL,M$,5034843812.0,MYQ0168OO003
BORNEO OIL,BRNL.KL,M$,4295883913.0,MYL7036OO006
BOUSTEAD HEAVY INDUSTRIES CORPORATION,BHIB.KL,M$,4295883195.0,MYL8133OO000
BOX-PAK (MALAYSIA),BPAK.KL,M$,4295883701.0,MYL6297OO005
BP PLASTICS HOLDING,BPPL.KL,M$,4295884086.0,MYL5100OO002
BRIGHT PACKAGING IND.,BPAC.KL,M$,4295883713.0,MYL9938OO001
BRIT.AMER.TOB.(MALAYSIA),BATO.KL,M$,4295883600.0,MYL4162OO003
BSL CORPORATION,BSLC.KL,M$,4295883515.0,MYL7221OO004
BTM RESOURCES,BTMR.KL,M$,4295883711.0,MYL7188OO005
BUMI ARMADA,BUAB.KL,M$,4295883740.0,MYL5210OO009
BV LAND HOLDINGS,BVLA.KL,M$,5079242214.0,MYL03042O008
CAHYA MATA SARAWAK,CMSM.KL,M$,4295883220.0,MYL2852OO001
CAM RESOURCES,CRSM.KL,M$,4295883559.0,MYL7128OO001
CAN-ONE,CNON.KL,M$,4295883276.0,MYL5105OO001
CAPE EMS,CAPE.KL,M$,5063342222.0,MYL5311OO005
CAPITAL A,CAPI.KL,M$,5060555751.0,MYL5099OO006
CAPITALAND MALAYSIA TRUST,CAMA.KL,M$,5000760583.0,MYL5180TO003
CB INDL.PRODUCT HOLDINGS,CBIP.KL,M$,4295883716.0,MYL7076OO002
CC INTERNATIONAL,CCIN.KL,M$,5082478536.0,MYL03053O005
CCK CONSOLIDATED HDG.,CCKH.KL,M$,4295883724.0,MYL7035OO008
CE TECHNOLOGY,CETE.KL,M$,5068929673.0,MYL03024O006
CENSOF HOLDINGS,CNSH.KL,M$,5001427623.0,MYL5195OO002
CENTRAL GLOBAL,CENT.KL,M$,5070509823.0,MYL8052OO002
CEPATWAWASAN GROUP,CPWA.KL,M$,4295883875.0,MYL8982OO000
CHEETAH HOLDINGS,CETH.KL,M$,4295883127.0,MYL7209OO009
CHIN TECK PLANTATIONS,CTPB.KL,M$,4295883398.0,MYL1929OO008
CHIN WELL HOLDINGS,CWHB.KL,M$,4295883718.0,MYL5007OO009
CHINA OUHUA WINERY HDG.,COWH.KL,M$,5001193516.0,SG9999006936
CHOO BEE METAL INDS.,CHOO.KL,M$,4295883728.0,MYL5797OO005
CHUAN HUAT RESOURCES,CHRB.KL,M$,4295883757.0,MYL7016OO008
CI HOLDINGS,CIHB.KL,M$,4295883677.0,MYL2828OO001
CITAGLOBAL,CITA.KL,M$,4295883561.0,MYL7245OO003
CITRA NUSA HOLDINGS,CITR.KL,M$,4295883241.0,MYL5104OO004
CJ CENTURY LOGISTICS HOLDINGS,CJCE.KL,M$,4295883031.0,MYL7117OO004
CLOUDPOINT TECHNOLOGY,CLOD.KL,M$,5086532192.0,MYQ0277OO002
CME GROUP,CMEG.KL,M$,4295883719.0,MYL7018OO004
CN ASIA CORPORATION,CNAC.KL,M$,4295883715.0,MYL7986OO002
CNERGENZ,CNER.KL,M$,5081388592.0,MYQ0246OO007
COASTAL CONTRACTS,CTAL.KL,M$,4295883662.0,MYL5071OO005
COMFORT GLOVES,COMF.KL,M$,4295883554.0,MYL2127OO008
COMPUTER FORMS (MAL.),CFMS.KL,M$,4295883664.0,MYL8044OO009
CONCRETE ENGR.PRDS.,CONC.KL,M$,4295883980.0,MYL8435OO009
COUNTRY HEIGHTS HDG.,CHHB.KL,M$,4295883288.0,MYL5738OO009
COUNTRY VIEW,CVIE.KL,M$,4295883570.0,MYL5049OO001
CPE TECHNOLOGY,CPET.KL,M$,5083359338.0,MYL5317OO002
CRESCENDO CORPORATION,CREC.KL,M$,4295883726.0,MYL6718OO000
CREST BUILDER HDG.,CREH.KL,M$,4295884041.0,MYL8591OO009
CRITICAL HOLDINGS,CRIT.KL,M$,5086900841.0,MYQ0291OO003
CSC STEEL HOLDINGS,CSTH.KL,M$,4295884221.0,MYL5094OO007
CTOS DIGITAL,CTOS.KL,M$,5071070879.0,MYL5301OO006
CUCKOO INTERNATIONAL (MAL),CUCK.KL,M$,5048024592.0,MYL5336OO002
CWG HOLDINGS,CWGH.KL,M$,5056439456.0,MYL9423OO004
CYL CORPORATION,CYLC.KL,M$,4295884168.0,MYL7157OO000
D & O GREEN TECHS.,DOVT.KL,M$,4295883329.0,MYL7204OO000
D'NONCE TECHNOLOGY,DNCE.KL,M$,4295883549.0,MYL7114OO001
DAGANG NEXCHANGE,DNEX.KL,M$,4295883232.0,MYL4456OO009
DAYANG ENTER.HDG.,DEHB.KL,M$,4295884252.0,MYL5141OO006
DESTINI,DEST.KL,M$,4295884077.0,MYL7212OO003
DFCITY GROUP,DFCI.KL,M$,5000668807.0,MYL5165OO005
DIGISTAR,DIGS.KL,M$,4295883066.0,MYQ0029OO007
DKSH HOLDINGS (MALAYSIA),DELM.KL,M$,4295883721.0,MYL5908OO008
DOMINANT ENTERPRISE,DOMN.KL,M$,4295883152.0,MYL7169OO005
DPS RESOURCES,DPSS.KL,M$,4295883647.0,MYL7198OO004
DRB-HICOM,DRBM.KL,M$,4295883244.0,MYL1619OO005
DUFU TECHNOLOGY,DUFU.KL,M$,4295884205.0,MYL7233OO009
DUOPHARMA BIOTECH,DUOP.KL,M$,4295883043.0,MYL7148OO009
DUTALAND,DUTA.KL,M$,4295883080.0,MYL3948OO006
DUTCH LADY MILK,DBMS.KL,M$,4295884000.0,MYL3026OO001
DXN HOLDINGS,DXNO.KL,M$,4295884101.0,MYL5318OO000
DYNAFRONT HOLDINGS,DYNF.KL,M$,5081075132.0,MYL03046O009
EASTERN & ORIENTAL,ENOB.KL,M$,4295884067.0,MYL3417OO002
ECM LIBRA GROUP,ECMI.KL,M$,4295883421.0,MYL2143OO005
ECOFIRST CONSOLIDATED,ECOF.KL,M$,4295884194.0,MYL3557OO005
ECOMATE HOLDINGS,ECOM.KL,M$,5079905775.0,MYQ0239OO002
EDEN,EDEN.KL,M$,4295883733.0,MYL7471OO005
EFFICIENT E-SOLUTIONS,ECES.KL,M$,4295884228.0,MYQ0064OO004
EITA RESOURCES,EITA.KL,M$,5037360728.0,MYL5208OO003
EKOVEST,EKOV.KL,M$,4295883406.0,MYL8877OO002
EKSONS CORPORATION,EKSN.KL,M$,4295883623.0,MYL9016OO006
ELK-DESA RESOURCES,ELKD.KL,M$,5035427759.0,MYL5228OO001
ELSOFT RESEARCH,ELSR.KL,M$,4295883125.0,MYQ0090OO009
EMICO HOLDINGS,EMIC.KL,M$,4295883770.0,MYL9091OO009
ENCORP BERHAD,ENCR.KL,M$,4295884095.0,MYL6076OO003
ENEST GROUP,ENES.KL,M$,5068929642.0,MYL03025O003
ENG KAH CORPORATION,ENGH.KL,M$,4295883308.0,MYL7149OO007
ENRA GROUP,ENRA.KL,M$,4295883868.0,MYL8613OO001
EONMETALL GROUP,EONM.KL,M$,4295884035.0,MYL7217OO002
EP MANUFACTURING,EPMB.KL,M$,4295883737.0,MYL7773OO004
EQUITIESTRACKER HOLDINGS,EQUI.KL,M$,5068313625.0,MYL03021O002
ESTHETICS INTL.GROUP,ESTH.KL,M$,4295884187.0,MYL5081OO004
ETA GROUP,ETAG.KL,M$,4295883866.0,MYL9946OO004
EUPE CORPORATION,EUPE.KL,M$,4295883741.0,MYL6815OO004
EUROSPAN HOLDINGS,ESAN.KL,M$,4295883507.0,MYL7094OO005
EVERGREEN FIBREBOARD,EVGN.KL,M$,4295883296.0,MYL5101OO000
EVERSENDAI CORPORATION,ESCB.KL,M$,5001105134.0,MYL5205OO009
EWI CAPITAL,EWIC.KL,M$,5044026419.0,MYL5283OO006
EXCEL FORCE MSC,EXFM.KL,M$,4295884214.0,MYQ0065OO001
EXSIM HOSPITALITY,EXSI.KL,M$,4295883182.0,MYL1287OO001
FACB INDUSTRIES,FACN.KL,M$,4295884138.0,MYL2984OO002
FAR EAST HOLDINGS,FEHS.KL,M$,4295884008.0,MYL5029OO003
FARLIM GROUP (M),FLIM.KL,M$,4295883422.0,MYL6041OO007
FAVELLE FAVCO,FVCO.KL,M$,4295883115.0,MYL7229OO007
FBG HOLDINGS,FBGH.KL,M$,4295883752.0,MYL7047OO003
FCW HOLDINGS,FCWH.KL,M$,4295883537.0,MYL2755OO006
FEDERAL INTERNATIONAL HOLDINGS,FIHB.KL,M$,4295883744.0,MYL8605OO007
FEYTECH HOLDINGS,FEYT.KL,M$,5086816036.0,MYL5322OO002
FIBON,FIBN.KL,M$,4298111531.0,MYQ0149OO003
FIMA CORPORATION,FIMA.KL,M$,4295883050.0,MYL3107OO009
FITTERS DIVERSIFIED,FITT.KL,M$,4295883351.0,MYL9318OO006
FOCUS LUMBER,FOLU.KL,M$,5033564303.0,MYL5197OO008
FOCUS POINT HOLDINGS,FOPT.KL,M$,5000772916.0,MYQ0157OO006
FOUNDPAC GROUP,FOUN.KL,M$,5050998364.0,MYL5277OO008
FSBM HOLDINGS,FUJI.KL,M$,4295883750.0,MYL9377OO002
G CAPITAL,GCAP.KL,M$,4295883918.0,MYL7676OO009
G3 GLOBAL,GLOA.KL,M$,4295884039.0,MYL7184OO004
GABUNGAN AQRS,GAQR.KL,M$,5037630919.0,MYL5226OO005
GADANG HOLDINGS,GADA.KL,M$,4295883749.0,MYL9261OO008
GDB HOLDINGS,GDBH.KL,M$,5060512907.0,MYQ0198OO000
GDEX,GDEX.KL,M$,4295883467.0,MYQ0078OO004
GE SHEN CORPORATION,GESH.KL,M$,4295883287.0,MYL7197OO006
GENETEC TECHNOLOGY,GTCY.KL,M$,4295884119.0,MYQ0104OO008
GEORGE KENT (MAL.),GKMS.KL,M$,4295884006.0,MYL3204OO004
GFM SERVICES,GFMS.KL,M$,5052795178.0,MYQ0039OO006
GIIB HOLDINGS,GIIB.KL,M$,4295884075.0,MYL7192OO007
GLOBAL ORIENTAL,GLOL.KL,M$,4295884193.0,MYL1147OO007
GLOBALTEC FORMATION,GLOT.KL,M$,5035452893.0,MYL5220OO008
GLOBETRONICS TECHNOLOGY,GNIC.KL,M$,4295883751.0,MYL7022OO006
GLOMAC,GLOM.KL,M$,4295883508.0,MYL5020OO002
GO INNOVATE ASIA SUSP - SUSP.24/02/26,GOIN.KL,M$,5070763142.0,MYL03028O007
GOLDEN LAND,GOLD.KL,M$,4295883766.0,MYL7382OO004
GOPENG,GOPK.KL,M$,4295883601.0,MYL2135OO001
GPP RESOURCES,GPPR.KL,M$,5071139676.0,MYL03029O005
GRAND CENTRAL ENTS.,GRAN.KL,M$,5000011129.0,MYL5592OO000
GREATER BAY HOLDINGS,GBAY.KL,M$,5086876065.0,MYL9148OO007
GREEN PACKET,GRNP.KL,M$,4295884105.0,MYQ0082OO006
GREENTRONICS TECHNOLOGY,GREE.KL,M$,4295883803.0,MYL7943OO003
GUAN CHONG,GNCH.KL,M$,4295883259.0,MYL5102OO008
GUH HOLDINGS,GUHB.KL,M$,4295883429.0,MYL3247OO003
GUOCOLAND (MALAYSIA),GUOL.KL,M$,4295883074.0,MYL1503OO001
HANDAL ENERGY,HDEB.KL,M$,5000018414.0,MYL7253OO007
HAP SENG PLTNS.HDG.,HAPP.KL,M$,4295884177.0,MYL5138OO002
HARBOUR-LINK GROUP,HARR.KL,M$,4295883995.0,MYL2062OO007
HARN LEN CORPORATION,HLEN.KL,M$,4295884162.0,MYL7501OO009
HARRISONS HDG.(MAL.),HSON.KL,M$,4295883768.0,MYL5008OO007
HB GLOBAL,HBGL.KL,M$,5001222555.0,SG9999006928
HCK CAPITAL GROUP,HCKC.KL,M$,4295883513.0,MYL7105OO009
HE GROUP,HEGR.KL,M$,5086957036.0,MYQ0296OO002
HEKTAR REIT,HEKR.KL,M$,4295884038.0,MYL5121TO007
HENGYUAN REFINING COMPANY,HENY.KL,M$,4295883131.0,MYL4324OO009
HEXTAR HEALTHCARE,HEXR.KL,M$,4295883881.0,MYL7803OO009
HEXTAR INDUSTRIES,HEXA.KL,M$,5038060135.0,MYQ0161OO008
HEXTAR RETAIL,HEXI.KL,M$,4295883982.0,MYL7202OO004
HEXZA,HXZS.KL,M$,4295883248.0,MYL3298OO006
HI MOBILITY,HIMO.KL,M$,5090712939.0,MYL5335OO004
HIL INDUSTRIES,HILI.KL,M$,4295884014.0,MYL8443OO003
HO WAH GENTING,HOWA.KL,M$,4295883790.0,MYL9601OO005
HOCK SOON CAPITAL,HOCS.KL,M$,5093837387.0,MYL5346OO001
HOMERITZ,HOME.KL,M$,5000636652.0,MYL5160OO006
HONG SENG CONSOLIDATED,HONG.KL,M$,4295883635.0,MYQ0041OO002
HPMT HOLDINGS,HPMT.KL,M$,5066627733.0,MYL5291OO009
HSS ENGINEERS,HSSE.KL,M$,5051213823.0,MYQ0185OO007
HUA YANG,HUAY.KL,M$,4295884059.0,MYL5062OO004
HUBLINE,HUBE.KL,M$,4295883361.0,MYL7013OO005
HWA TAI INDUSTRIES,HWAT.KL,M$,4295883806.0,MYL8478OO009
I-BERHAD,IBHD.KL,M$,4295884191.0,MYL4251OO004
ICAPITAL.BIZ,ICBZ.KL,M$,4295883327.0,MYL5108FO003
ICONIC WORLDWIDE,ICOI.KL,M$,4295883734.0,MYL9113OO001
IDB TECHNOLOGIES,IDBT.KL,M$,5071493312.0,MYL03030O003
IDEAL CAPITAL,IDEA.KL,M$,5057824318.0,MYL9687OO004
IMASPRO CORPORATION,IMSP.KL,M$,4295884070.0,MYL7222OO002
INFRAHARTA HOLDINGS,INFR.KL,M$,4295883034.0,MYL7240OO004
INNATURE,INNA.KL,M$,5071074124.0,MYL5295OO000
INNOPRISE PLANTATIONS,INNO.KL,M$,4295883440.0,MYL6262OO009
INTA BINA GROUP,INTA.KL,M$,5052789094.0,MYQ0192OO003
IQ GROUP HOLDINGS,IQGH.KL,M$,4295883285.0,MYL5107OO007
IREKA CORPORATION SUSP - SUSP.03/10/25,IRKA.KL,M$,4295883611.0,MYL8834OO003
ISKANDAR WATERFRONT CITY,IWCI.KL,M$,4295883264.0,MYL1589OO000
JADI IMAGING HDG.,JADI.KL,M$,4295884142.0,MYL7223OO000
JAG CAPITAL,JAGC.KL,M$,4295883812.0,MYL6874OO001
JAGASOLUTION,JAGA.KL,M$,5058605555.0,MYL03002O002
JAKS RESOURCES,JAKS.KL,M$,4295884088.0,MYL4723OO002
JASA KITA,JKBM.KL,M$,4295883774.0,MYL8648OO007
JAYA TIASA HOLDINGS,JTIA.KL,M$,4295883445.0,MYL4383OO005
JAYCORP BHD.,JAYC.KL,M$,4295884069.0,MYL7152OO001
JCBNEXT,JCBN.KL,M$,4295884201.0,MYQ0058OO006
JCY INTERNATIONAL,JCYI.KL,M$,5000012406.0,MYL5161OO004
JENTAYU SUSTAINABLES,JENT.KL,M$,4295883786.0,MYL5673OO008
JF TECHNOLOGY,JFTB.KL,M$,4295884081.0,MYQ0146OO009
JHM CONSOLIDATED,JHMC.KL,M$,4295884145.0,MYQ0127OO009
JIANKUN INTERNATIONAL,JIAN.KL,M$,4295883929.0,MYL8923OO004
JISHAN,JISH.KL,M$,5079681680.0,MYL03040O002
JKG LAND,JKGL.KL,M$,4295883783.0,MYL6769OO003
JOE HOLDING,JOEH.KL,M$,4295883525.0,MYL7096OO000
JOHAN HOLDINGS,JHHS.KL,M$,4295883213.0,MYL3441OO002
K SENG SENG CORPORATION,KSSC.KL,M$,5001421711.0,MYL5192OO009
KAMDAR GROUP (M),KMDA.KL,M$,4295883952.0,MYL8672OO007
KAREX INDUSTRIES,KARE.KL,M$,5040276118.0,MYL5247OO001
KARYON INDUSTRIES,KARY.KL,M$,4295884218.0,MYQ0054OO005
KECK SENG (MALAYSIA),KSMS.KL,M$,4295883638.0,MYL3476OO008
KEIN HING INTL.,KEHG.KL,M$,4295883065.0,MYL7199OO002
KENANGA INVESTMENT BANK,KNNK.KL,M$,4297601463.0,MYL6483OO001
KERJAYA PROSPEK PROPERTY,KERA.KL,M$,4295883900.0,MYL7077OO000
KESM INDUSTRIES,KESM.KL,M$,4295883415.0,MYL9334OO003
KEY ASIC,KYAC.KL,M$,4295884198.0,MYQ0143OO006
KEYFIELD INTERNATIONAL,KEYF.KL,M$,5080046287.0,MYL5321OO004
KHEE SAN,KHEE.KL,M$,4295883792.0,MYL6203OO003
KIA LIM,KIAL.KL,M$,4295883797.0,MYL6211OO006
KIM HIN INDUSTRY,KIMH.KL,M$,4295884189.0,MYL5371OO009
KIM LOONG RESOURCES,KIML.KL,M$,4295883489.0,MYL5027OO007
KIMLUN CORPORATION,KICB.KL,M$,5000760221.0,MYL5171OO003
KINERGY ADVANCEMENT,KINE.KL,M$,5044339924.0,MYQ0193OO001
KIP REAL ESTATE INVESTMENT TRUST,KIPR.KL,M$,5052547072.0,MYL5280TO001
KNUSFORD,KNUS.KL,M$,4295883028.0,MYL5035OO000
KOBAY TECHNOLOGY,KOBA.KL,M$,4295883965.0,MYL6971OO005
KOSSAN RUBBER,KRIB.KL,M$,4295883796.0,MYL7153OO009
KOTRA INDUSTRIES,KOIN.KL,M$,4295884022.0,MYQ0002OO004
KPS CONSORTIUM,KPSC.KL,M$,4295883765.0,MYL9121OO004
KUMPULAN FIMA,KFIM.KL,M$,4295883436.0,MYL6491OO004
KUMPULAN H&L HIGH-TECH,KHLH.KL,M$,4295883800.0,MYL7033OO003
KUMPULAN JETSON,JETS.KL,M$,4295883363.0,MYL9083OO006
KUMPULAN KITACON,KUMP.KL,M$,5083346849.0,MYL5310OO007
KUMPULAN PERANGSANG SELANGOR,KPSB.KL,M$,4295883976.0,MYL5843OO007
KYM HOLDINGS,KYMH.KL,M$,4295883211.0,MYL8362OO005
LAGENDA PROPERTIES,LAGE.KL,M$,4295884053.0,MYL7179OO004
LAND & GENERAL,LAND.KL,M$,4295883020.0,MYL3174OO009
LANDMARKS,LMHS.KL,M$,4295883089.0,MYL1643OO005
LAY HONG,LAYH.KL,M$,4295883811.0,MYL9385OO005
LB ALUMINIUM,LBAL.KL,M$,4295883814.0,MYL9326OO009
LBI CAPITAL,LBIP.KL,M$,4295883335.0,MYL8494OO006
LBS BINA GROUP,LBSB.KL,M$,4295883562.0,MYL5789OO002
LEADER STEEL HOLDINGS,LEAD.KL,M$,4295883802.0,MYL9881OO003
LEBTECH,LEBT.KL,M$,4295884127.0,MYL9628OO008
LEE SWEE KIAT GROUP,LHTM.KL,M$,4295884225.0,MYL8079OO005
LEONG HUP INTERNATIONAL,LEOG.KL,M$,5044341569.0,MYL6633OO001
LFE CORPORATION,LFEC.KL,M$,4295884231.0,MYL7170OO003
LIANSON FLEET GROUP,LIAN.KL,M$,5037439913.0,MYL5255OO004
LIEN HOE CORPORATION,LHCK.KL,M$,4295884235.0,MYL3573OO002
LIFE WATER,LIFE.KL,M$,5086992280.0,MYL5328OO009
LII HEN INDS.,LHEN.KL,M$,4295883514.0,MYL7089OO005
LION POSIM,LIOP.KL,M$,4295883202.0,MYL8486OO002
LOTTE CHEMICAL TITAN,LOTT.KL,M$,4295884160.0,MYL5284OO004
LOTUS CIRCULAR,LOTS.KL,M$,4295883829.0,MYL7234OO007
LOTUS KFM,LOTU.KL,M$,4295884244.0,MYL8303OO009
LPC GROUP,LPCG.KL,M$,5096858920.0,MYL03065O009
LTKM,LTKM.KL,M$,4295883483.0,MYL7085OO003
LUSTER INDUSTRIES,LTER.KL,M$,4295884091.0,MYL5068OO001
LUXCHEM CORPORATION,LCBH.KL,M$,4298052293.0,MYL5143OO002
LYSAGHT GALVANIZED,LYSA.KL,M$,4295883827.0,MYL9199OO000
M & A EQUITY HOLDINGS,MAEQ.KL,M$,4295883497.0,MYL7082OO000
M-MODE,MMDE.KL,M$,4295884181.0,
MAA GROUP,MAAS.KL,M$,4295883280.0,MYL1198OO000
MAGMA GROUP,MAGA.KL,M$,4295883502.0,MYL7243OO008
MAGNA PRIMA,MAGN.KL,M$,4295883817.0,MYL7617OO003
MAGNI-TECH INDUSTRIES,MATE.KL,M$,4295883535.0,MYL7087OO009
MAGNUM,MAGM.KL,M$,4295883456.0,MYL3859OO005
MAH SING GROUP,MAHS.KL,M$,4295883134.0,MYL8583OO006
MAJUPERAK HOLDINGS,MJPR.KL,M$,5000728645.0,MYL8141OO003
MALAYAN UNITED INDS.,MUIB.KL,M$,4295883309.0,MYL3891OO008
MALAYSIA MAR.& HVY.ENGR. HDG.,MHEB.KL,M$,4296295884.0,MYL5186OO001
MALAYSIA SMELTING,MSCB.KL,M$,4295883823.0,MYL5916OO001
MALAYSIA STEEL WKS.(KL),MSWK.KL,M$,4295884031.0,MYL5098OO008
MANFORCE GROUP,MANF.KL,M$,5066579087.0,MYL03015O004
MARINE & GENERAL,MARI.KL,M$,4295884085.0,MYL5078OO000
MASTER-PACK GROUP,MSTP.KL,M$,4295883789.0,MYL7029OO001
MATRIX CONCEPTS HOLDINGS,MATR.KL,M$,5039730873.0,MYL5236OO004
MATRIX PARKING SOLUTION HOLDINGS,MATI.KL,M$,5067841113.0,MYL03019O006
MAXIM GLOBAL,MAXI.KL,M$,4295883603.0,MYL4022OO009
MAXLAND,MAXL.KL,M$,4295883568.0,MYL7123OO002
MAYBULK,MAYB.KL,M$,4295883410.0,MYL5077OO002
MAYU GLOBAL GROUP,MAYU.KL,M$,4295883898.0,MYL7099OO004
MBM RESOURCES,MBMR.KL,M$,4295883373.0,MYL5983OO001
MEDIA PRIMA,MPRM.KL,M$,4295884017.0,MYL4502OO000
MEGA FORTRIS,MEGF.KL,M$,5062206556.0,MYL5327OO001
MELATI EHSAN HDG.BHD.,MEHB.KL,M$,4295883626.0,MYL5129OO001
MELEWAR INDUSTRIAL GROUP,MSTM.KL,M$,4295883161.0,MYL3778OO007
MENANG CORPORATION (M),MNCS.KL,M$,4295883293.0,MYL1694OO008
MENTIGA CORPORATION,MENT.KL,M$,4295883263.0,MYL5223OO002
MERCURY INDUSTRIES,MEIS.KL,M$,4295883444.0,MYL8192OO006
MESINIAGA,MNGA.KL,M$,4295883836.0,MYL5011OO001
MESTRON HOLDINGS,MEST.KL,M$,5066630630.0,MYQ0207OO009
META BRIGHT GROUP,METB.KL,M$,4295883087.0,MYL2097OO003
METROD HOLDINGS,MROD.KL,M$,5035927939.0,MYL6149OO008
METRONIC GLOBAL,MTNC.KL,M$,4295884054.0,MYQ0043OO008
MHC PLANTATIONS,MHCP.KL,M$,4295883488.0,MYL5026OO009
MI TECHNOVATION,MITE.KL,M$,5063771554.0,MYL5286OO009
MICROLINK SOLUTIONS,MCRK.KL,M$,4295884180.0,MYQ0126OO001
MIECO CHIPBOARD,MIEC.KL,M$,4295883830.0,MYL5001OO002
MINHO (M),MNHO.KL,M$,4295883298.0,MYL5576OO003
MK LAND HOLDINGS,MKLH.KL,M$,4295883614.0,MYL8893OO009
MKH,METR.KL,M$,4295883364.0,MYL6114OO002
MKH OIL PALM EAST KALIMANTAN,MKHO.KL,M$,4295938137.0,MYL5319OO008
MMIS,MMSI.KL,M$,5070520273.0,MYL03027O009
MMS VENTURES,MMST.KL,M$,4295884080.0,MYQ0113OO009
MNRB HOLDINGS,MNRB.KL,M$,4295883375.0,MYL6459OO001
MOBILIA HOLDINGS,MOBI.KL,M$,5076111703.0,MYQ0229OO003
MSM MAL.HOLDINGS,MSMH.KL,M$,5035167337.0,MYL5202OO006
MUAR BAN LEE GROUP,MUBL.KL,M$,5000438294.0,MYL5152OO003
MUDA,MUDA.KL,M$,4295883171.0,MYL3883OO005
MUDAJAYA GROUP BHD.,MJYA.KL,M$,4295884029.0,MYL5085OO005
MUHIBBAH ENGINEERING (M),MUHI.KL,M$,4295883302.0,MYL5703OO003
MUI PROPERTIES,MUIP.KL,M$,4295883534.0,MYL3913OO000
MULTI-USAGE HOLDINGS,MUHB.KL,M$,4295883837.0,MYL9539OO007
MYAXIS GROUP,MYAX.KL,M$,5094080415.0,MYL03064O002
MYCRON STEEL,MYCS.KL,M$,4295884058.0,MYL5087OO001
MYNEWS HOLDINGS,MYNE.KL,M$,5046652991.0,MYL5275OO002
MYTECH GROUP,MYTE.KL,M$,4295883957.0,MYL7692OO006
NATIONGATE HOLDINGS,NATI.KL,M$,5081654027.0,MYQ0270OO007
NCT ALLIANCE,NCTA.KL,M$,4295884192.0,MYQ0056OO000
NEGRI SEMBILAN OIL PALMS,NSOS.KL,M$,4295883396.0,MYL2038OO007
NEW HOONG FATT HOLDINGS,NHFH.KL,M$,4295883852.0,MYL7060OO006
NEXG,NEXB.KL,M$,5037652637.0,MYL5216OO006
NEXTGREEN GLOBAL,NEXT.KL,M$,4295883545.0,MYL7241OO002
NI HSIN GROUP,NHSN.KL,M$,4295883306.0,MYL7215OO006
NICHE CAP.EMAS HDG.,NICH.KL,M$,4295883584.0,MYL7139OO008
NOTION VTEC,NVTE.KL,M$,4295884161.0,MYQ0083OO004
NOVELPLUS TECHNOLOGY,NOVE.KL,M$,5079908452.0,MYL03045O001
NTPM HOLDINGS,NTPM.KL,M$,4295884051.0,MYL5066OO005
NUENERGY HOLDINGS,NUEN.KL,M$,4295883317.0,MYL5614OO002
OASIS HARVEST CORPORATION,OASI.KL,M$,5045993383.0,MYL5265OO003
OCB,OCBB.KL,M$,4295883172.0,MYL5533OO004
OCEANCASH PACIFIC,OCEA.KL,M$,4295883063.0,MYQ0049OO005
OCK GROUP,OCKG.KL,M$,5037631068.0,MYQ0172OO005
OCR GROUP,OCRG.KL,M$,4295883925.0,MYL7071OO003
OKA CORPORATION,OKAC.KL,M$,4295883604.0,MYL7140OO006
OLYMPIA INDUSTRIES,OLYM.KL,M$,4295883158.0,MYL3018OO008
ONE GLOVE GROUP,ONEG.KL,M$,4295883240.0,MYL5079OO008
ONETECH SOLUTIONS HOLDINGS,ONET.KL,M$,5079236838.0,MYL03041O000
ONLY WORLD GROUP HDG.,ONLY.KL,M$,5044030766.0,MYL5260OO004
OPENSYS (M),OPYS.KL,M$,4295883067.0,MYQ0040OO004
OPTIMAX HOLDINGS,OPTI.KL,M$,5073360009.0,MYQ0222OO008
ORIENTAL FOOD INDS.HDG.,OFIH.KL,M$,4295883512.0,MYL7107OO005
ORIENTAL INTEREST,OINT.KL,M$,4295883376.0,MYL5827OO000
ORNAPAPER BERHAD,ORPA.KL,M$,4295884118.0,MYL5065OO007
PA RESOURCES,PARB.KL,M$,4295883434.0,MYL7225OO005
PACIFIC & ORIENT,PACO.KL,M$,4295883343.0,MYL6009OO004
PAN MALAYSIA CORPORATION,PMCS.KL,M$,4295883025.0,MYL4081OO005
PANSAR,PANS.KL,M$,4295883175.0,MYL8419OO003
PANTECH GLOBAL,PANT.KL,M$,5090628938.0,MYL5331OO003
PAOS HOLDINGS,PAOS.KL,M$,4295883524.0,MYL5022OO008
PARADIGM REIT.TST. UTS.,PARD.KL,M$,5095169417.0,MYL5338TO007
PARAMOUNT CORPORATION,PRMS.KL,M$,4295883222.0,MYL1724OO003
PARKSON HOLDINGS,PRKN.KL,M$,4295883608.0,MYL5657OO001
PARKWOOD HOLDINGS,PARW.KL,M$,4295883575.0,MYL2682OO002
PASDEC HOLDINGS,PDEC.KL,M$,4295883848.0,MYL6912OO009
PBS,PBSB.KL,M$,4295883330.0,MYL5231OO005
PCCS GROUP,PCCS.KL,M$,4295883865.0,MYL6068OO000
PDZ HOLDINGS,PDZH.KL,M$,4295883384.0,MYL6254OO006
PECCA GROUP,PECC.KL,M$,5044244458.0,MYL5271OO001
PEGASUS HEIGHTS,PEGA.KL,M$,4295883046.0,MYL4464OO003
PENSONIC HOLDINGS,PENS.KL,M$,4295883853.0,MYL9997OO007
PENTAMASTER CORPORATION,PMAS.KL,M$,4295883058.0,MYL7160OO004
PERAK CORPORATION,PERA.KL,M$,4295883566.0,MYL8346OO008
PERAK TRANSIT,PERT.KL,M$,5051785751.0,MYQ0186OO005
PERSTIMA.MAL.(PERSTIMA),PSTM.KL,M$,4295883226.0,MYL5436OO000
PESONA METRO HOLDINGS,PESO.KL,M$,5037920512.0,MYL8311OO002
PESTEC INTERNATIONAL,PEIN.KL,M$,5037435560.0,MYL5219OO000
PETRA ENERGY,PTRE.KL,M$,4295884129.0,MYL5133OO003
PETRON MAL.REFN.& MKTG.,PTMR.KL,M$,4295883517.0,MYL3042OO008
PGF CAPITAL,PGFC.KL,M$,4295883180.0,MYL8117OO003
PHARMANIAGA,PHMA.KL,M$,4295883840.0,MYL7081OO002
PIE INDUSTRIAL,PIEN.KL,M$,4295883518.0,MYL7095OO002
PIMPINAN EHSAN,PIMP.KL,M$,5063380378.0,MYL5622OO005
PINEHILL PACIFIC,PIPB.KL,M$,4295883653.0,MYL1902OO005
PINTARAS JAYA,PINT.KL,M$,4295883850.0,MYL9598OO003
PLB ENGINEERING,PLBE.KL,M$,4295883855.0,MYL7055OO006
PLENITUDE,PLET.KL,M$,4295883129.0,MYL5075OO006
PLS PLANTATIONS,PLSB.KL,M$,4295883851.0,MYL9695OO007
PMB TECHNOLOGY,PMBT.KL,M$,4295884174.0,MYL7172OO009
PNE PCB,PNEB.KL,M$,4295883858.0,MYL6637OO002
POH HUAT RESOURCES HDG.,PHUA.KL,M$,4295883492.0,MYL7088OO007
POH KONG HOLDINGS,POHK.KL,M$,4295884079.0,MYL5080OO006
POLYDAMIC GROUP,POLD.KL,M$,5071522176.0,MYL03031O001
POS MALAYSIA,PSHL.KL,M$,5000666852.0,MYL4634OO001
POWER ROOT,POWE.KL,M$,4295884019.0,MYL7237OO000
PRG HOLDINGS,PRGH.KL,M$,4295884097.0,MYL7168OO007
PROGRESSIVE IMPACT CORPORATION,PGSV.KL,M$,4295883947.0,MYL7201OO006
PROPEL GLOBAL,PROE.KL,M$,5082510573.0,MYQ0091OO007
PROTASCO,PRTO.KL,M$,4295883064.0,MYL5070OO007
PUBLIC PACKAGES HDG.,PPHB.KL,M$,4295883403.0,MYL8273OO004
PWF CORPORATION,PWFC.KL,M$,4295883596.0,MYL7134OO009
QES GROUP,QESG.KL,M$,5060206951.0,MYQ0196OO004
QUALITY CONCRETE HDG.,QCHB.KL,M$,4295883873.0,MYL7544OO009
RANHILL UTILITIES,RANH.KL,M$,5046435876.0,MYL5272OO009
RAPID SYNERGY,RAPD.KL,M$,4295883862.0,MYL7765OO000
RCE CAPITAL,REDI.KL,M$,4295883861.0,MYL9296OO004
REACH TEN HOLDINGS,REAC.KL,M$,5090655890.0,MYL5332OO001
REDPLANET,REDP.KL,M$,5073103192.0,MYL03036O000
REDTONE DIGITAL,RTON.KL,M$,4295884156.0,MYQ0032OO001
RENEUCO,RENE.KL,M$,4295883569.0,MYL7130OO007
RESERVOIR LINK ENERGY,RESR.KL,M$,5070826617.0,MYQ0219OO004
RESINTECH,RESN.KL,M$,4295883338.0,MYL7232OO001
REVENUE GROUP,REVE.KL,M$,5063388038.0,MYQ0200OO004
RGB INTERNATIONAL,RGBI.KL,M$,4295884134.0,MYQ0037OO000
RGT,RGTB.KL,M$,4295883842.0,MYL9954OO008
RHONE MA HOLDINGS,RHON.KL,M$,5051268300.0,MYL5278OO006
RIMBUNAN SAWIT,RIMB.KL,M$,4295884183.0,MYL5113OO005
RIVERTREE STF SYNERGIES,RIVE.KL,M$,4295883899.0,MYL9776OO005
RIVERVIEW RUBBER ESTS.,RVWL.KL,M$,4295883872.0,MYL2542OO008
ROHAS TECNIC,ROHA.KL,M$,4295883897.0,MYL9741OO009
RTS TECHNOLOGY HOLDINGS,RTST.KL,M$,5079681672.0,MYL03039O004
S & F CAPITAL,SFCA.KL,M$,4295884018.0,MYL8745OO001
SAFETYWARE GROUP,SAFE.KL,M$,5083167004.0,MYL03056O008
SALCON,SLCN.KL,M$,4295883036.0,MYL8567OO009
SALUTICA,SALU.KL,M$,5040052577.0,MYQ0183OO002
SAM ENGR.& EQU.(M),SAEG.KL,M$,4295883369.0,MYL9822OO007
SAMAIDEN GROUP,SAMA.KL,M$,5076948794.0,MYQ0223OO006
SAMCHEM HOLDINGS,SAHB.KL,M$,4298516287.0,MYL5147OO003
SANCY,SANC.KL,M$,5084061057.0,MYL03057O006
SAPURA INDUSTRIAL,SAPU.KL,M$,4295883907.0,MYL7811OO002
SAPURA RESOURCES,SRCS.KL,M$,4295883061.0,MYL4596OO002
SARAWAK CONS.INDS.,SCIB.KL,M$,4295883895.0,MYL9237OO008
SARAWAK PLANTATION,SPLN.KL,M$,4295884171.0,MYL5135OO008
SBC CORPORATION,SIAH.KL,M$,4295883883.0,MYL5207OO005
SCANWOLF CORPORATION,SCWF.KL,M$,4295883290.0,MYL7239OO006
SCGM,SCGB.KL,M$,4295884141.0,MYL7247OO009
SCICOM MSC,SCCM.KL,M$,4295883520.0,MYQ0099OO000
SCIENTEX PACKAGING AYER KEROH,SCIE.KL,M$,4295883981.0,MYL8125OO006
SDS GROUP,SDSG.KL,M$,5071164895.0,MYQ0212OO009
SEACERA GROUP SUSP - SUSP.10/06/25,SCER.KL,M$,4295883917.0,MYL7073OO009
SEAL,SEAL.KL,M$,4295883194.0,MYL4286OO000
SEALINK INTERNATIONAL,SLKI.KL,M$,4298052313.0,MYL5145OO007
SEERS,SEER.KL,M$,5064615445.0,MYL03009O007
SEG INTL.,SEDU.KL,M$,4295883919.0,MYL9792OO002
SELANGOR DREDGING,SDGS.KL,M$,4295883208.0,MYL2224OO003
SENI JAYA CORPORATION,SENI.KL,M$,4295883885.0,MYL9431OO007
SEREMBAN ENGINEERING,SERE.KL,M$,5000587046.0,MYL5163OO000
SERN KOU RESOURCES,SKOU.KL,M$,4295884197.0,MYL7180OO002
SHH RESOURCES HOLDINGS,SHHR.KL,M$,4295883886.0,MYL7412OO009
SHIN YANG GROUP,SHIN.KL,M$,5000747337.0,MYL5173OO009
SHL CONSOLIDATED,SHLC.KL,M$,4295883374.0,MYL6017OO007
SIGN,SGNA.KL,M$,4295884237.0,MYL7246OO001
SIN HENG CHAN (MALAYA),SHCS.KL,M$,4295883321.0,MYL4316OO005
SINARAN ADVANCE GROUP,SINA.KL,M$,5080194236.0,SG9999006571
SKB SHUTTERS CORPORATION,SKBC.KL,M$,4295883544.0,MYL7115OO008
SKP RESOURCES BERHAD,SKPR.KL,M$,4295884046.0,MYL7155OO004
SKYWORLD DEVELOPMENT,SKYW.KL,M$,5059930120.0,MYL5315OO006
SL INNOVATION CAPITAL,SLIN.KL,M$,5062372076.0,MYL03008O009
SLP RESOURCES,SLPB.KL,M$,4295884131.0,MYL7248OO007
SMILE-LINK HEALTHCARE GLOBAL,SMIL.KL,M$,5068331691.0,MYL03023O008
SMIS CORPORATION,SMBH.KL,M$,4295883461.0,MYL7132OO003
SNOWFIT GROUP,SNOW.KL,M$,5082502950.0,MYL03054O003
SNS NETWORK TECHNOLOGY,SNSN.KL,M$,5081475825.0,MYQ0259OO000
SOLARVEST HOLDINGS,SOLA.KL,M$,5068314213.0,MYQ0215OO002
SOLID AUTOMOTIVE,SOIL.KL,M$,5040240740.0,MYL5242OO002
SOUTH MALAYSIA INDS.,SMIS.KL,M$,4295883247.0,MYL4375OO001
SPORTS TOTO,SPOR.KL,M$,4295883451.0,MYL1562OO007
SPRITZER BERHAD,SPTZ.KL,M$,4295883521.0,MYL7103OO004
STAR MEDIA GROUP,STAR.KL,M$,4295883336.0,MYL6084OO007
SUCCESS TRANSFORMER CORPORATION,SCCE.KL,M$,4295883527.0,MYL7207OO003
SUNGEI BAGAN RUBBER,SBRK.KL,M$,4295883904.0,MYL2569OO001
SUNMOW HOLDING,SUNM.KL,M$,5081475266.0,MYL03050O001
SUNSURIA,SUNS.KL,M$,4295883225.0,MYL3743OO001
SUPERCOMNET TECHNOLOGIES,SCTH.KL,M$,4295883042.0,MYQ0001OO006
SUPERGENICS,SUPG.KL,M$,5071556319.0,MYL03033O007
SURIA CAPITAL HOLDINGS,SURI.KL,M$,4295883425.0,MYL6521OO008
SWIFT HAULAGE,SWIF.KL,M$,5040438328.0,MYL5303OO002
SWS CAPITAL,SWSB.KL,M$,4295884188.0,MYL7186OO009
SYARIKAT TAKAFUL MALAYSIA KELUARGA,TAKA.KL,M$,4295883368.0,MYL6139OO009
SYCAL VENTURES,SYCA.KL,M$,4295883720.0,MYL9717OO009
SYMPHONY LIFE,SYML.KL,M$,4295883670.0,MYL1538OO007
T7 GLOBAL,TGLO.KL,M$,4295883382.0,MYL7228OO009
TA ANN HOLDINGS,TAAN.KL,M$,4295883906.0,MYL5012OO009
TA WIN HOLDINGS,TWHB.KL,M$,4295883558.0,MYL7097OO008
TAFI INDUSTRIES,TAFI.KL,M$,4295884028.0,MYL7211OO005
TALAM TRANSFORM,TALA.KL,M$,4295883646.0,MYL2259OO009
TALIWORKS CORPORATION,TWRK.KL,M$,4295883684.0,MYL8524OO000
TAMBUN INDAH LAND,TAMB.KL,M$,4298064906.0,MYL5191OO001
TASCO,TASC.KL,M$,4295883619.0,MYL5140OO008
TDM,TDMS.KL,M$,4295883258.0,MYL2054OO004
TECHBASE INDUSTRIES,TECE.KL,M$,4295883393.0,MYL8966OO003
TECHBOND GROUP,TECB.KL,M$,5063311584.0,MYL5289OO003
TECK GUAN PERDANA,TGPB.KL,M$,4295883931.0,MYL7439OO002
TEK SENG HOLDINGS,TSHB.KL,M$,4295883645.0,MYL7200OO008
TELADAN GROUP,TELA.KL,M$,5073674730.0,MYQ0230OO001
TEO GUAN LEE CORPORATION,TGLB.KL,M$,4295883411.0,MYL9369OO009
TEO SENG CAPITAL,TSCP.KL,M$,4298116283.0,MYL7252OO009
TEXCHEM RESOURCES,TEXC.KL,M$,4295883953.0,MYL8702OO002
TH PLANTATIONS,THPB.KL,M$,4295884215.0,MYL5112OO007
THETA EDGE,THET.KL,M$,4295883362.0,MYL9075OO002
THONG GUAN INDS.,TGIB.KL,M$,4295883935.0,MYL7034OO001
THREE-A RES.,THEA.KL,M$,4295884090.0,MYQ0012OO003
THRIVEN GLOBAL,THRI.KL,M$,4295883818.0,MYL7889OO008
TIEN WAH PRESS HOLDINGS,TWPH.KL,M$,5000045333.0,MYL7374OO001
TIMBERWELL,TWEL.KL,M$,4295883923.0,MYL7854OO002
TITIJAYA LAND,TITI.KL,M$,5038067406.0,MYL5239OO008
TMC LIFE SCIENCES,TMCN.KL,M$,4295884176.0,MYQ0101OO004
TMK CHEMICAL,TMKC.KL,M$,4296576668.0,MYL5330OO005
TOMEI CONS.BERHAD,TMEI.KL,M$,4295884153.0,MYL7230OO005
TOMYPAK HOLDINGS,TOMY.KL,M$,4295883937.0,MYL7285OO009
TOTAL DYNAMIC HOLDINGS,TOTA.KL,M$,5087152481.0,MYL03058O004
TOWER REAL ESTATE INVESTMENT TRUST UNITS,TWRE.KL,M$,4295884087.0,MYL5111TO008
TOYO VENTURES HOLDINGS,TOYO.KL,M$,5078353437.0,MYL7173OO007
TP TEC HOLDING,TPTE.KL,M$,5090749969.0,MYL03061O008
TPC PLUS,TPCP.KL,M$,4295883299.0,MYL7176OO000
TRC SYNERGY,TRCG.KL,M$,4295883118.0,MYL5054OO001
TRIVE PROPERTY GROUP,TRIV.KL,M$,4295884107.0,MYQ0118OO008
TSIC,TSIC.KL,M$,5094623727.0,MYL03062O006
TSR CAP.,TSRP.KL,M$,4295883581.0,MYL5042OO006
TUJU SETIA,TUJU.KL,M$,5076931733.0,MYL5297OO006
TUNE PROTECT GROUP,TUNE.KL,M$,5037589340.0,MYL5230OO007
TURBO-MECH,TURB.KL,M$,5000715690.0,MYL5167OO001
TURIYA,TURY.KL,M$,4295883884.0,MYL4359OO005
TWL HOLDINGS,TWLH.KL,M$,4295883869.0,MYL7079OO006
TXCD,TXCD.KL,M$,4295884025.0,MYL7145OO005
UCI RESOURCES,UCIR.KL,M$,5079713038.0,MYL03043O006
UEM EDGENTA,UEME.KL,M$,4295883460.0,MYL1368OO009
UMS HOLDINGS,UMSH.KL,M$,4295883943.0,MYL7137OO002
UMS-NEIKEN GROUP,UMSN.KL,M$,4295883266.0,MYL7227OO001
UNI WALL APS HOLDINGS,UNIW.KL,M$,5067485454.0,MYL03017O000
UNIMECH GROUP,UMEC.KL,M$,4295883533.0,MYL7091OO001
UNIQUE FIRE HOLDINGS,UNIQ.KL,M$,5062359034.0,MYQ0257OO004
UNITED MALACCA,UMRS.KL,M$,4295883577.0,MYL2593OO001
UNITED U LI CORPORATION,UULI.KL,M$,4295883022.0,MYL7133OO001
UOA REITS UNITS,UOAR.KL,M$,4295883297.0,MYL5110TO000
UPA CORPORATION,UPAB.KL,M$,4295883958.0,MYL7757OO007
UZMA,UZMA.KL,M$,4298052306.0,MYL7250OO003
VANTRIS ENERGY,VANT.KL,M$,5035413210.0,MYL5218OO002
VARIA,VARI.KL,M$,4295883874.0,MYL5006OO001
VELESTO ENERGY,VELE.KL,M$,5000592617.0,MYL5243OO000
VERSATILE CREATIVE,VSTL.KL,M$,4295884050.0,MYL4995OO006
VIZIONE HOLDINGS,VIZI.KL,M$,4295883693.0,MYL7070OO005
VS INDUSTRY,VSID.KL,M$,4295883967.0,MYL6963OO002
VSTECS,VSTE.KL,M$,5000038750.0,MYL5162OO002
WARISAN TC HOLDINGS,WATC.KL,M$,4295883963.0,MYL5016OO000
WASCO,WASC.KL,M$,4295883628.0,MYL5142OO004
WAVEFRONT,WAVE.KL,M$,4295883730.0,MYL8176OO009
WCE HOLDINGS,WCEH.KL,M$,4295883648.0,MYL3565OO008
WEGMANS HOLDINGS,WEGM.KL,M$,5060924933.0,MYQ0197OO002
WELL CHIP GROUP,WELC.KL,M$,5086949874.0,MYL5325OO005
WHITE HORSE,WHSE.KL,M$,5000631505.0,MYL5009OO005
WILLOWGLEN MSC,WLOW.KL,M$,4295883504.0,MYQ0008OO001
WONG ENGINEERING CORPORATION,WENG.KL,M$,4295883955.0,MYL7050OO007
WOODLANDOR HOLDINGS,WLAN.KL,M$,4295883951.0,MYL7025OO009
XIDELANG HOLDINGS,XIDE.KL,M$,5000469403.0,BMG9828L1072
XIN HWA HOLDINGS,XINW.KL,M$,5043330279.0,MYL5267OO009
XIN SYNERGY GROUP,XINS.KL,M$,4295883301.0,MYL7043OO002
XL HOLDINGS,XLHO.KL,M$,4295883542.0,MYL7121OO006
Y&G,YGCB.KL,M$,4295883743.0,MYL7003OO006
YB VENTURES,YBVE.KL,M$,4295883587.0,MYL5048OO003
YENHER HOLDINGS,YENH.KL,M$,5079700948.0,MYL5300OO008
YLI HOLDINGS,YLIH.KL,M$,4295883983.0,MYL7014OO003
YNH PROPERTY,YNHB.KL,M$,4295883260.0,MYL3158OO002
YOONG ONN CORPORATION,YGON.KL,M$,5000601522.0,MYL5159OO008
YSP STHEAST.AI.HLDG.,YSPS.KL,M$,4295884112.0,MYL7178OO006
YTL HOSPITALITY REITS UNITS,YTLR.KL,M$,4295883242.0,MYL5109TO002
YX PRECIOUS METALS,YXPR.KL,M$,5081339353.0,MYQ0250OO009
ZECON,ZCON.KL,M$,4295883966.0,MYL7028OO003
ZELAN BERHAD,ZLAN.KL,M$,4295883526.0,MYL2283OO009
ZHULIAN CORPORATION,ZHCO.KL,M$,4295883505.0,MYL5131OO007
ABLEGROUP,ABEL.KL,M$,4295883484.0,MYL7086OO001
ABM FUJIYA,ABMF.KL,M$,5040054695.0,MYL5198OO006
ACME HOLDINGS,ACME.KL,M$,4295883582.0,MYL7131OO005
AIZO GROUP,AIZO.KL,M$,4295884027.0,MYL7219OO008
AJINOMOTO,AJIN.KL,M$,4295883678.0,MYL2658OO002
AMANAHRAYA-REIT MGRS.SDN BHD REIT UTS.,AMRY.KL,M$,5046435523.0,MYL5127TO004
ANCOM NYLEX,ANCM.KL,M$,4295883250.0,MYL4758OO008
ANN JOO RESOURCES,ANNJ.KL,M$,4295883687.0,MYL6556OO004
ARB,ARBB.KL,M$,4295884139.0,MYL7181OO000
ASTRO MALAYSIA HOLDINGS,ASTR.KL,M$,5035304563.0,MYL6399OO009
AVANGAAD,AVAG.KL,M$,4297808880.0,MYL5259OO006
AWC,AWCF.KL,M$,4295883097.0,MYL7579OO005
BCB,BCBB.KL,M$,4295883427.0,MYL6602OO006
BINA DARULAMAN,BDBS.KL,M$,4295883696.0,MYL6173OO008
BINASTRA CORPORATION,BINS.KL,M$,4295883243.0,MYL7195OO000
BINTAI KINDEN CORPORATION,BKCB.KL,M$,4295883708.0,MYL6998OO008
BONIA CORPORATION,BONI.KL,M$,4295883698.0,MYL9288OO001
CAB CAKARAN CORPORATION,CABC.KL,M$,4295883971.0,MYL7174OO005
CAREPLUS GROUP,CARE.KL,M$,5001211117.0,MYQ0163OO004
CARIMIN PETROLEUM,CARM.KL,M$,5044006800.0,MYL5257OO000
CHIN HIN GROUP PROPERTY,CHIN.KL,M$,4295884109.0,MYL7187OO007
CLOUDARON GROUP,CLOU.KL,M$,5057829709.0,MYL03001O004
COMPUGATES HOLDINGS,CPGT.KL,M$,4295883501.0,MYL5037OO006
CUSCAPI,CUSC.KL,M$,4295883052.0,MYQ0051OO001
CYBERJAYA EDUCATION GROUP,CYBE.KL,M$,5061032268.0,MYL5166OO003
CYPARK RESOURCES,CYPR.KL,M$,5001145003.0,MYL5184OO006
DANCOMECH HOLDINGS,DNCO.KL,M$,5050720622.0,MYL5276OO000
DATAPREP HOLDINGS,DATA.KL,M$,4295883227.0,MYL8338OO005
DELEUM,DLEU.KL,M$,4295883286.0,MYL5132OO005
DKLS INDUSTRIES,DKLS.KL,M$,4295883758.0,MYL7528OO002
DSR TAIKO,DSRT.KL,M$,5083343644.0,MYL03055O000
ECONPILE HOLDINGS,ECOH.KL,M$,5042367249.0,MYL5253OO009
EDARAN,EDSB.KL,M$,4295883026.0,MYL5036OO008
EG INDUSTRIES,EGCM.KL,M$,4295883607.0,MYL8907OO007
ENGTEX GROUP,ETEX.KL,M$,4295883071.0,MYL5056OO006
EPICON,EPIO.KL,M$,4295884009.0,MYL4847OO009
EURO HOLDINGS,ERHB.KL,M$,4295883649.0,MYL7208OO001
FIAMMA HOLDINGS,FIAM.KL,M$,4295883748.0,MYL6939OO002
FM GLOBAL LOGISTICS HOLDINGS,FMHB.KL,M$,4295883137.0,MYL7210OO007
FORMOSA PROSONIC,FPIB.KL,M$,4295883742.0,MYL9172OO007
GOLDEN PHAROS,GROS.KL,M$,4295883620.0,MYL5649OO008
GREENYIELD BERHAD,GRYB.KL,M$,4295883045.0,MYQ0136OO000
GROMUTUAL,GMUT.KL,M$,4295883683.0,MYL9962OO001
HEITECH PADU,HEIT.KL,M$,4295883503.0,MYL5028OO005
HEVEABOARD,HEVE.KL,M$,4295883627.0,MYL5095OO004
HEXTAR TECHNOLOGIES SOLUTIONS,HEXE.KL,M$,4295883490.0,MYL5136OO006
HIAP TECK VENTURE,HTVE.KL,M$,4295883073.0,MYL5072OO003
HIBISCUS PETROLEUM,HIBI.KL,M$,5035167878.0,MYL5199OO004
HO HUP CONSTRUCTION,HHCS.KL,M$,4295884026.0,MYL5169OO007
HONG LEONG CAPITAL,HLGC.KL,M$,4295883210.0,MYL5274OO005
HUME CEMENT INDUSTRIES,HUMC.KL,M$,4295883762.0,MYL5000OO004
HUP SENG INDUSTRIES,HSIB.KL,M$,4295883496.0,MYL5024OO004
HYDROPIPES,HYDR.KL,M$,5090606087.0,MYL03060O000
IBRACO,IBRC.KL,M$,4295883389.0,MYL5084OO008
IGB COMMERCIAL REITS UNITS,IGBC.KL,M$,5071557810.0,MYL5299TO001
INDUSTRONICS,INDU.KL,M$,4295883777.0,MYL9393OO009
INFOLINE TEC GROUP,INFO.KL,M$,5081486586.0,MYQ0253OO003
INGENIEUR GUDANG,INGE.KL,M$,5000770085.0,MYL5178OO008
INSAS,INSS.KL,M$,4295883355.0,MYL3379OO004
KAWAN FOOD,KWNF.KL,M$,4295884083.0,MYL7216OO004
KEN HOLDINGS,KENH.KL,M$,4295883784.0,MYL7323OO008
KHIND HOLDINGS,KHIN.KL,M$,4295883798.0,MYL7062OO002
KIM TECK CHEONG CONSOLIDATED,KIMT.KL,M$,5047007166.0,MYQ0180OO008
KKB ENGINEERING,KKBE.KL,M$,4295883793.0,MYL9466OO003
KLUANG RUBBER,KLRK.KL,M$,4295883794.0,MYL2453OO008
KOMARKCORP,KOMK.KL,M$,4295883787.0,MYL7017OO006
KRETAM HOLDINGS,KREK.KL,M$,4295884245.0,MYL1996OO007
L&P GLOBAL,LPGL.KL,M$,5083677406.0,MYQ0268OO001
LEON FUAT,LEON.KL,M$,5039800645.0,MYL5232OO003
LGMS,LGMS.KL,M$,5081390482.0,MYQ0249OO001
LION INDUSTRIES CORPORATION,LLBM.KL,M$,4295883481.0,MYL4235OO007
MALAYAN FLOUR MILLS,MFMS.KL,M$,4295883155.0,MYL3662OO003
MALAYSIAN RESOURCES CORPORATION,MYRS.KL,M$,4295883245.0,MYL1651OO008
MALTON,MLTO.KL,M$,4295883347.0,MYL6181OO001
MANULIFE HOLDINGS,MNLF.KL,M$,4295883650.0,MYL1058OO006
MARCO HOLDINGS,MRHB.KL,M$,4295884172.0,MYL3514OO006
MCE HOLDINGS,MCEI.KL,M$,5051393019.0,MYL7004OO004
MCOM HOLDINGS,MCOM.KL,M$,5068316973.0,MYL03022O000
MERIDIAN,MERI.KL,M$,4295883563.0,MYL5040OO000
MGB,MGBB.KL,M$,4295884185.0,MYL7595OO001
MILUX CORPORATION,MILU.KL,M$,4295883915.0,MYL7935OO009
MITRAJAYA HOLDINGS,MITR.KL,M$,4295883834.0,MYL9571OO000
MST GOLF GROUP,MSTG.KL,M$,5062371803.0,MYL5316OO004
MULPHA INTERNATIONAL,MITC.KL,M$,4295883447.0,MYL3905OO006
NAIM HOLDINGS,NCHB.KL,M$,4295884082.0,MYL5073OO001
NEXG BINA,NEXI.KL,M$,4295883448.0,MYL7154OO007
NOVA PHARMA SOLUTIONS BERHAD,NOVA.KL,M$,5061135955.0,MYL03006O003
NOVA WELLNESS GROUP,NOVW.KL,M$,5059975758.0,MYQ0201OO002
OMESTI,OMES.KL,M$,4295884122.0,MYL9008OO003
PADINI HOLDINGS,PDNI.KL,M$,4295883846.0,MYL7052OO003
PANASONIC MNFG.MAL.,PMMY.KL,M$,4295883070.0,MYL3719OO001
PANTECH GROUP,PNTE.KL,M$,4295883637.0,MYL5125OO009
PAPPAJACK,PAPP.KL,M$,5081122284.0,MYQ0242OO006
PARAGON GLOBE,PARA.KL,M$,4295883993.0,MYL3611OO000
PARAGON UNION,PGON.KL,M$,4295883860.0,MYL9407OO007
PBA HOLDINGS,PBAH.KL,M$,4295883583.0,MYL5041OO008
PERDANA PETROLEUM,PTRD.KL,M$,4295883539.0,MYL7108OO003
PERMAJU INDUSTRIES,PMJU.KL,M$,4295883902.0,MYL7080OO004
PERTAMA DIGITAL SUSP - SUSP.14/11/25,PERM.KL,M$,4295884092.0,MYL8532OO003
PING EDGE TECHNOLOGY,PING.KL,M$,5093939338.0,MYL03063O004
PJBUMI,PJSB.KL,M$,4295883095.0,MYL7163OO008
PRESTAR RESOURCES,PTAR.KL,M$,4295883864.0,MYL9873OO000
PROLINTAS INFRA BUSINESS TRUST UNITS,PROL.KL,M$,5087002821.0,MYL5320OO006
PTT SYNERGY GROUP,PTTY.KL,M$,4295883772.0,MYL7010OO001
PUNCAK NIAGA HOLDINGS,PNHB.KL,M$,4295883408.0,MYL6807OO001
RALCO CORPORATION,RALC.KL,M$,4295883888.0,MYL7498OO008
RAY GO SOLAR HOLDINGS,RAYG.KL,M$,5081492487.0,MYL03052O007
RHONG KHEN INTERNATIONAL,RHOG.KL,M$,4295883799.0,MYL7006OO009
SASBADI HOLDINGS,SAHO.KL,M$,5040043950.0,MYL5252OO001
SAUDIGOLD GROUP,SAUD.KL,M$,5000466026.0,MYL5157OO002
SEE HUP CONSOLIDATED,SCHB.KL,M$,4295883892.0,MYL7053OO001
SENG FONG HOLDINGS,SENG.KL,M$,5081492456.0,MYL5308OO001
SENHENG NEW RETAIL,SENH.KL,M$,5081121949.0,MYL5305OO007
SENTORIA GROUP,SNTO.KL,M$,5037266966.0,MYL5213OO003
SENTRAL REIT,SENT.KL,M$,4295884164.0,MYL5123TO003
SHANGRI-LA HOTELS (MAL.),SHGM.KL,M$,4295883197.0,MYL5517OO007
SKYGATE SOLUTIONS,SKYG.KL,M$,4295884111.0,MYL7249OO005
SOUTHERN ACIDS (M),SOUS.KL,M$,4295883179.0,MYL5134OO001
SOUTHERN CABLE GROUP,SOUT.KL,M$,5070829077.0,MYQ0225OO001
SOUTHERN STEEL,STEE.KL,M$,4295883267.0,MYL5665OO004
SUBUR TIASA HOLDINGS,SUBU.KL,M$,4295883882.0,MYL6904OO006
SUPERLON HOLDINGS,SPLH.KL,M$,4295883540.0,MYL7235OO004
SUPERMAX CORPORATION,SUPM.KL,M$,4295883532.0,MYL7106OO007
TAN CHONG MOTOR HOLDINGS,TNCS.KL,M$,4295883145.0,MYL4405OO006
TAS OFFSHORE,TSOF.KL,M$,5000085704.0,MYL5149OO009
TECHNA-X,TECA.KL,M$,4295883103.0,MYL2739OO000
TIONG NAM LOGIST.HDG.,TNTT.KL,M$,4295883239.0,MYL8397OO001
TONG HERR RESOURCES,THRB.KL,M$,4295883944.0,MYL5010OO003
TSH RESOURCES,TSHR.KL,M$,4295883975.0,MYL9059OO006
UCHI TECHS.,UCHI.KL,M$,4295883516.0,MYL7100OO000
UMEDIC GROUP,UMED.KL,M$,5081501012.0,MYQ0256OO006
VELOCITY CAPITAL PARTNER,VELO.KL,M$,4295883922.0,MYL7165OO003
WANG-ZHENG,WGZH.KL,M$,4295883282.0,MYL7203OO002
WATTA HOLDINGS,WATA.KL,M$,4295883962.0,MYL7226OO003
WCT HOLDINGS,WCTE.KL,M$,5001438314.0,MYL9679OO001
WELLCALL HOLDINGS,WCAL.KL,M$,4295884115.0,MYL7231OO003
WTK HOLDINGS,WTKH.KL,M$,4295883270.0,MYL4243OO001
YONG TAI,YONG.KL,M$,4295883977.0,MYL7066OO003
AEON CREDIT SERVICE NIL PAID 06/09/2017,ANCR_r.KL^H17,M$,4295884169.0,MYL5139LR009
AMANAH HARTA TANAH PNB NIL PAID 29/12/16,,M$,4295883574.0,No universe defined.
AMCORP PROPERTIES NIL PAID 13/04/18,,M$,4295883069.0,No universe defined.
ANN JOO RESOURCES NIL PAID 22/11/16,,M$,4295883687.0,No universe defined.
ANZO HOLDINGS NIL PAID 09/06/17,ANZO_r.KL^F17,M$,4295883771.0,MYL9342OR009
ASIA KNIGHT NIL PAID 03/05/18,ASKN_r.KL^D18,M$,4295883842.0,MYL9954OR001
ATTA GLOBAL GROUP NIL PAID 21/11/17,,M$,4295883898.0,No universe defined.
BOX-PAK (MALAYSIA) NIL PAID 07/03/17,BPAK_r.KL^B17,M$,4295883701.0,MYL6297OR008
CME GROUP NILL PAID 25/04/18,CMEG_r.KL^D18,M$,4295883719.0,MYL7018OR007
CSH ALLIANCE NIL PAID 11/01/22,CSHA_r.KL^A22,M$,4295883922.0,MYL7165OR006
CWG HOLDINGS NIL PAID 29/09/17,CWGH_r.KL^I17,M$,5056439456.0,MYL9423OR007
ELK-DESA RESOURCES NIL PAID 23/08/17,ELKD_r.KL^H17,M$,5035427759.0,MYL5228OR004
G3 GLOBAL NIL PAID 25/09/17,GLOA_r.KL^I17,M$,4295884039.0,MYL7184OR007
GAMUDA NIL PAID 26/02/16,,M$,4295883291.0,No universe defined.
HUBLINE NIL PAID 07/12/18,HUBE_r.KL^L18,M$,4295883361.0,MYL7013OR008
HUBLINE NIL PAID 11/12/15,HUBE_r.KL^L15,M$,4295883361.0,
HUME INDUSTRIES NIL PAID 21/05/19,HUIN_r.KL^E19,M$,4295883762.0,MYL5000LR003
LAND & GENERAL NIL PAID 03/05/17,LAND_r.KL^D17,M$,4295883020.0,MYL3174OR002
LBS BINA GROUP NIL PAID 28/07/17,LBSB_r.KL^G17,M$,4295883562.0,MYL5789PR002
MALAYSIAN RES. NIL PAID 20/10/17,MYRS_r.KL^J17,M$,4295883245.0,MYL1651OR001
MELEWAR INDUSTRIAL GROUP NIL PAID 09/08/18,MSTM_r.KL^H18,M$,4295883161.0,MYL3778OR000
METRONIC GLOBAL NIL PAID 09/04/19,MTNC_r.KL^D19,M$,4295884054.0,
PANSAR NIL PAID 23/03/21,PANS_rx.KL^C21,M$,4295883175.0,MYL8419PR003
PDZ HOLDINGS NIL PAID 2/01/18,,M$,4295883384.0,No universe defined.
PEGASUS HEIGHTS NIL PAID 12/06/19,PEGA_r.KL^F19,M$,4295883046.0,MYL4464OR006
PRICEWORTH INTERNATIONAL NIL PAID 06/08/18,PWPB_r.KL^G18,M$,4295883568.0,MYL7123OR005
SAUDEE GROUP NIL PAID 24/03/16,SAUD_r.KL^C16,M$,5000466026.0,
SENTORIA GROUP NIL PAID 28/12/17,,M$,5037266966.0,No universe defined.
SP SETIA NIL PAID 19/12/17,SETI_rx.KL^L17,M$,4295883418.0,
SYMPHONY LIFE NIL PAID 01/11/18,SYML_r.KL^J18,M$,4295883670.0,MYL1538OR000
TA WIN HOLDINGS NIL PAID 29/07/19,TWHB_r.KL^G19,M$,4295883558.0,
TIGER SYNERGY NIL PAID,TIGE_r.KL^A16,M$,4295883869.0,
UMW OIL & GAS NIL PAID 10/10/17,UMOG_r.KL^J17,M$,5000592617.0,MYL5243OR003
EG INDUSTRIES NIL PAID 06/10/17,EGCM_r.KL^I17,M$,4295883607.0,MYL8907PR007
HCK CAPITAL GROUP NIL PAID 14/09/17,HCKCw_r.KL^I17,M$,4295883513.0,MYL7105WR005
INNOPRISE PLANTATIONS NIL PAID 22/02/16,,M$,4295883440.0,No universe defined.
MALAYSIAN AIRLINE SY. NIL PAID 22/10/07,,M$,4295883548.0,No universe defined.
MULPHA INTERNATIONAL NIL PAID 01/06/16,,M$,4295883447.0,No universe defined.
PA RESOURCES NIL PAID 08/12/17,,M$,4295883434.0,No universe defined.
PASDEC HOLDINGS NILL PAID 26/06/18,PDEC_r.KL^E18,M$,4295883848.0,MYL6912OR002
PCCS GROUP NIL PAID 18/12/17,PCCS_r.KL^L17,M$,4295883865.0,MYL6068OR003
TATT GIAP GROUP NIL PAID 18/12/18,TATG_r.KL^L18,M$,5000770085.0,MYL5178PR008
ASIA BRANDS NIL PAID 28/12/18,ASIA_r.KL^L18,M$,4295883773.0,MYL7722OR004
ASIAN PAC HOLDINGS NIL PAID 17/05/17,APHB_r.KL^E17,M$,4295883261.0,MYL4057LR004
BHS INDUSTRIES NIL PAID 28/09/15,BHSN_r.KL^I15,M$,4295883545.0,MYL7241OR005
BUMI ARMADA NIL PAID 30/09/14,BUAB_r.KL^I14,M$,4295883740.0,MYL5210OR002
D'NONCE TECHNOLOGY NIL PAID 11/11/15,DNCE_r.KL^K15,M$,4295883549.0,
EG INDUSTRIES NIL PAID 28/10/15,EGCM_r.KL^J15,M$,4295883607.0,MYL8907OR000
GOLDIS NIL PAID 06/02/15,GLIS_r.KL^A15,M$,4295883930.0,MYL5606PR008
GREEN PACKET NIL PAID 19/11/18,GRNP_r.KL^K18,M$,4295884105.0,MYQ0082OR009
HEKTAR REIT NIL PAID 15/08/17,HEKR_r.KL^H17,M$,4295884038.0,MYL5121TR000
HO WAH GENTING NIL PAID 09/03/16,HOWA_r.KL^C16,M$,4295883790.0,MYL9601OR008
HONG LEONG BANK NIL PAID 14/12/15,HLBB_r.KL^L15,M$,4295883279.0,MYL5819OR000
HONG LEONG FINL.GP. NIL PAID 24/11/15,HLCB_r.KL^K15,M$,4295883475.0,MYL1082OR009
IBRACO NIL PAID 10/08/15,IBRC_r.KL^H15,M$,4295883389.0,MYL5084OR001
JAKS RESOURCES NIL PAID 06/12/18,JAKSw_r.KL^L18,M$,4295884088.0,MYL4723WR008
JKG LAND NIL PAID 10/04/17,JKGL_r.KL^D17,M$,4295883783.0,MYL6769OR006
KOMARKCORP NIL PAID 15/01/15,KOMK_r.KL^A15,M$,4295883787.0,
LEWEKO RESOURCES NIL PAID 02/09/15,LEWE_r.KL^H15,M$,4295884018.0,
MALAYAN FLOUR MILLS NILL PAID 14/01/19,MFMSl_r.KL^A19,M$,4295883155.0,MYL3662LR002
MALAYAN FLOUR MILLS NILL PAID 14/01/19,MFMS_r.KL^A19,M$,4295883155.0,MYL3662OR006
MNRB HOLDINGS NIL PAID 17/10/18,MNRB_r.KL^J18,M$,4295883375.0,MYL6459OR004
MYCRON STEEL NIL PAID 16/01/19,MYCS_r.KL^A19,M$,4295884058.0,MYL5087OR004
NAIM HOLDINGS NIL PAID 11/01/19,NCHB_r.KL^A19,M$,4295884082.0,MYL5073OR004
NICHE CAP.EMAS HDG. NIL PAID 14/01/19,NICH_r.KL^A19,M$,4295883584.0,MYL7139OR001
OCK GROUP NIL PAID 08/12/15,OCKG_r.KL^L15,M$,5037631068.0,
RHB BANK BHD NIL PAID 08/12/15,RHBC_r.KL^L15,M$,4298219772.0,MYL1066OR002
SAPURA ENERGY NIL PAID 16/01/19,SAEN_rx.KL^A19,M$,5035413210.0,MYL5218PR002
STONE MASTER NIL PAID 15/06/15,SMAE_r.KL^F15,M$,4295883597.0,MYL7143OR003
TH HEAVY ENGINEERING NIL PAID 01/09/15,THHE_r.KL^H15,M$,4295883072.0,MYL7206PR005
TOMYPAK HOLDINGS NIL PAID 20/06/16,TOMY_r.KL^F16,M$,4295883937.0,MYL7285OR002
TPC PLUS NIL PAID 08/01/16,TPCP_r.KL^L15,M$,4295883299.0,MYL7176OR003
TSR CAP. NIL PAID 18/12/15,TSRP_r.KL^L15,M$,4295883581.0,MYL5042OR009
WCT HOLDINGS NIL PAID 24/07/15,WCTE_r.KL^G15,M$,5001438314.0,MYL9679OR004
YONG TAI NIL PAID 17/06/15,YONG_r.KL^F15,M$,4295883977.0,MYL7066OR006
AHMAD ZAKI RESOURCES NIL PAID 24/01/08,,M$,4295883665.0,No universe defined.
ATURMAJU RESOURCES NIL PAID 07/01/19,ATUR_r.KL^L18,M$,4295884139.0,MYL7181PR000
BORNEO OIL NIL PAID 02/11/15,BRNL_r.KL^J15,M$,4295883913.0,MYL7036OR009
EXSIM HOSPITALITY NIL PAID 09/12/25,EXSI_r.KL^L25,M$,4295883182.0,MYL1287R1008
LFE NIL PAID 13/11/15,LFEC_r.KL^K15,M$,4295884231.0,
MALAYSIAN BULK CARRIERS NIL PAID 18/09/18,MBCB_r.KL^I18,M$,4295883410.0,MYL5077OS003
MKH NIL PAID 19/05/17,METR_r.KL^E17,M$,4295883364.0,MYL6114OR005
SAPURA ENERGY NIL PAID 16/01/19,SAEN_r.KL^A19,M$,5035413210.0,MYL5218OR005
SARAWAK OIL PALMS NIL PAID 30/11/16,SOPS_r.KL^K16,M$,4295883189.0,MYL5126OR000
TITIJAYA LAND NIL PAID 18/09/17,TITI_r.KL^I17,M$,5038067406.0,MYL5239PR008
WING TAI MALAYSIA NIL PAID 21/08/15,WITM_r.KL^H15,M$,4295883055.0,MYL2976OR001
AGMO HOLDINGS TEMPORARY LINE 1 DUMMY,,M$,5083394530.0,No universe defined.
AIRASIA X BERHAD PLACEHOLDER,,M$,5060555751.0,No universe defined.
AWC BHD - WARRANTS DUMMY,,M$,4295883097.0,No universe defined.
BERJAYA FOOD - WARRANTS DUMMY,,M$,5001438222.0,No universe defined.
BRIGHT PACKAGING IND. WARRANTS,,M$,4295883713.0,No universe defined.
CITAGLOBAL CONV PREF.,CITAq.KL,M$,4295883561.0,MYL7245PA157
DATASONIC GROUP WARRANTS DUMMY,,M$,5037652637.0,No universe defined.
FED.INTHDG.CONV PREF.,FIHBqa.KL,M$,4295883744.0,MYL8605PB845
FOCUS DYNAMI CONV PREF.,,M$,4295883381.0,No universe defined.
HENGYUAN REFINING CO WARRANTS (DUMMY),,M$,4295883131.0,No universe defined.
HYNG.CO.WARRANTS DUMMY,,M$,4295883131.0,No universe defined.
IDEAL SUN CITY HOLDINGS WARRANTS,,M$,4295884151.0,No universe defined.
KBB RESOURCES WARRANTS,,M$,4295884045.0,No universe defined.
KIMLUN WARRANT,,M$,5000760221.0,No universe defined.
KPJ HEALTHCARE WARRANTS,,M$,4295883354.0,No universe defined.
KUMPULAN EUROPLUS WTS.,,M$,4295883648.0,No universe defined.
LBS BINA GROUP WTS.TO SUB FOR ORD,,M$,4295883562.0,No universe defined.
LIANSONAFLEET GROUP WARRANTS B DUMMY,,M$,5037439913.0,No universe defined.
M N C WIRELESS CONV PREF.,,M$,4295884108.0,No universe defined.
MKH OIL PALM (EAST KALIMANTAN) BHD DUMMY,,M$,4295883364.0,No universe defined.
MY EG SERVICES (DET),,M$,4295883268.0,No universe defined.
MY EG SERVICES (DET2) DUMMY,,M$,4295883268.0,No universe defined.
NI HSIN RESOURCES CONV PREF.,NHSNq.KL,M$,4295883306.0,MYL7215PA630
OCK GROUP WARRANTS 19/11/20,,M$,5037631068.0,No universe defined.
PANSAR CONV PREF.,PANSq.KL,M$,4295883175.0,MYL8419PA637
PERMAJU INDU CONV PREF.,PMJUq.KL,M$,4295883902.0,MYL7080PA083
PGF CAPITAL CONV PREF.,PGFCq.KL,M$,4295883180.0,MYL8117PA736
S P SETIA CONV PREF.,SETIqb.KL,M$,4295883418.0,MYL8664PC006
SUNMOW HOLDING REDEEMABLE PREFRENCE,SUNMq.KL,M$,5081475266.0,MYL030501695
SUPERMAX - WARRANTS DUMMY,,M$,4295883532.0,No universe defined.
SYARIKAT TAKAFUL (MALY),,M$,4295883368.0,No universe defined.
TXCD CONV PREF.,TXCDq.KL,M$,4295884025.0,MYL7145PA035
VS INDUSTRY BHD WTS,,M$,4295883967.0,No universe defined.
VS INDUSTRY WARRANTS C (DUMMY),,M$,4295883967.0,No universe defined.
XIDELANG HOLDINGS WTS.,,M$,5000469403.0,No universe defined.
XINGQUAN INTL.SPS.HDG. WARRANTS,,M$,4298508019.0,No universe defined.
YTL POWER INTL. DUMMY,,M$,4295883412.0,No universe defined.
AGMO HOLDINGS DUMMY,,M$,5083394530.0,No universe defined.
AIZO GROUP CONV PREF.,AIZOq.KL,M$,4295884027.0,MYL7219PA6A6
CELCOMDIGI DUMMY,,M$,4295883746.0,No universe defined.
DIGISTAR WTS TO SUB FOR ORD,,M$,4295883066.0,No universe defined.
INSAS CONV PREF. SUSP - SUSP.10/02/26,INSSq.KL,M$,4295883355.0,MYL3379PB628
NOTION VTEC WTS.,,M$,4295884161.0,No universe defined.
PENSONIC HOLDINGS WTS. RIGHTS,,M$,4295883853.0,No universe defined.
PERDANA PETROLEUM CONV PREF.,PTRDq.KL,M$,4295883539.0,MYL7108PA9C0
SD GUTHRIE DUMMY,,M$,4298041637.0,No universe defined.
SUMATEC RES. DETACHABLE WTS TO SUB FOR 4 RTS,,M$,4295883060.0,No universe defined.
VS INDUSTRY BONUS WTS. 31/12/15,,M$,4295883967.0,No universe defined.
XINGQUAN INTL.SPS.HDG. WARRANTS,,M$,4298508019.0,No universe defined.
ALLIANZ MALAYSIA CONV PREF.,AINM_p.KL,M$,4295883136.0,MYL1163PA000
EQ8 FTSE MAL.ENH. DIV. WAQF ETF,EQFT.KL,M$,,MYL0839EA000
EQ8 MSCI MALAYSIA ISLAMIC DIVIDEND ETF,EQMI.KL,M$,,MYL0824EA002
EQ8 MSCI SEA ISLAMIC DIVIDEND ETF,EQSI.KL,M$,,MYL0825EA009
FTSE4GOOD BURSA MALAYSIA ETF,FTSG.KL,M$,,MYL0820EA000
KENANGA KLCI DAILY (-1X) INVERSE ETF,KENG.KL,M$,,MYL0835EA008
KENANGA KLCI DAILY 2X LEVERAGED ETF,KENN.KL,M$,,MYL0834EA001
LBS BINA GROUP CONV PREF.,LBSBq.KL,M$,4295883562.0,MYL5789PA008
PRINCIPAL FTSE CHINA 50 ETF,PRIC.KL,M$,5000787748.0,MYL0823EA004
S P SETIA CONV PREF.,SETIq.KL,M$,4295883418.0,MYL8664PA000
TRADEPLUS S&P NEW CHINA TRACKER- USD ETF,TRCU.KL,U$,,MYL0829EB009
TRADEPLUS S&P NEW CHINA TRACKER-MYR ETF,TRCM.KL,M$,,MYL0829EA001
TRADEPLUS SHARIAH GOLD TRACKER MYR,TRAD.KL,M$,,MYL0828EA003
VP-DJ SHARIAH CHINA A- SHARES 100 ETF,VPDJ.KL,M$,,MYL0838EA002
YONG TAI CONV PREF.,YONGq.KL,M$,4295883977.0,MYL7066PA6B8
EQ8 DJ.ISMKT.MAL. TINS. 25 ETF,EQDI.KL,M$,,MYL0821EA008
EQ8 DOW JONES US TITANS 50 ETF,EQDJ.KL,U$,,MYL0827EA005
